{
    "PEModules": [],
    "cycles_program_begin": 107539095601284,
    "cpu_cycles_pass2_start": 107539374067511,
    "perf": [
        {
            "stat": [
                "main",
                "entry",
                0.011276960372924805,
                0.022651000000000001,
                0.012943,
                211376,
                211376,
                0.0,
                0.0,
                1732180410.116699,
                107539095868755
            ],
            "sub": [
                {
                    "stat": [
                        "doParsingAndDesignResolution",
                        "entry",
                        0.022970914840698242,
                        0.024256,
                        0.021104999999999999,
                        267268,
                        268068,
                        0.0,
                        0.0,
                        1732180410.1283929,
                        107539133863179
                    ],
                    "sub": []
                },
                {
                    "stat": [
                        "doParsingAndDesignResolution",
                        "exit",
                        0.029119014739990234,
                        0.029604999999999999,
                        0.022432000000000001,
                        268724,
                        269372,
                        0.0,
                        0.0,
                        1732180410.134541,
                        107539153861237
                    ],
                    "sub": []
                },
                {
                    "stat": [
                        "doPostDesignResolutionToVir2Vcs",
                        "entry",
                        0.029615879058837891,
                        0.030044999999999999,
                        0.022533999999999998,
                        268876,
                        269372,
                        0.0,
                        0.0,
                        1732180410.1350379,
                        107539155590666
                    ],
                    "sub": [
                        {
                            "stat": [
                                "doUptoVir2VcsNoSepCleanup",
                                "entry",
                                0.034434080123901367,
                                0.035268000000000001,
                                0.022533999999999998,
                                273972,
                                273976,
                                0.0,
                                0.0,
                                1732180410.1398561,
                                107539171142048
                            ],
                            "sub": []
                        },
                        {
                            "stat": [
                                "doUptoVir2VcsNoSepCleanup",
                                "exit",
                                0.075366020202636719,
                                0.053464999999999999,
                                0.030074,
                                284220,
                                284240,
                                0.0067609999999999996,
                                0.012067,
                                1732180410.180788,
                                107539304338634
                            ],
                            "sub": []
                        },
                        {
                            "stat": [
                                "doRadify_vir2vcsAll",
                                "entry",
                                0.075433969497680664,
                                0.053513999999999999,
                                0.030102,
                                284220,
                                284240,
                                0.0067609999999999996,
                                0.012067,
                                1732180410.180856,
                                107539304498278
                            ],
                            "sub": []
                        },
                        {
                            "stat": [
                                "doRadify_vir2vcsAll",
                                "exit",
                                0.07892608642578125,
                                0.056409000000000001,
                                0.030970000000000001,
                                284220,
                                284240,
                                0.0067609999999999996,
                                0.012067,
                                1732180410.1843481,
                                107539315907298
                            ],
                            "sub": []
                        }
                    ]
                },
                {
                    "stat": [
                        "doPostDesignResolutionToVir2Vcs",
                        "exit",
                        0.078969955444335938,
                        0.056441999999999999,
                        0.030988000000000002,
                        284220,
                        284240,
                        0.0067609999999999996,
                        0.012067,
                        1732180410.184392,
                        107539315996555
                    ],
                    "sub": []
                },
                {
                    "stat": [
                        "doGAToPass2",
                        "entry",
                        0.078996896743774414,
                        0.056460999999999997,
                        0.030998000000000001,
                        284220,
                        284240,
                        0.0067609999999999996,
                        0.012067,
                        1732180410.1844189,
                        107539316080720
                    ],
                    "sub": [
                        {
                            "stat": [
                                "DoPass2",
                                "entry",
                                0.096765995025634766,
                                0.056460999999999997,
                                0.032964,
                                282664,
                                284240,
                                0.016416,
                                0.020251000000000002,
                                1732180410.202188,
                                107539374023182
                            ],
                            "sub": []
                        },
                        {
                            "stat": [
                                "DoPass2",
                                "exit",
                                0.1212470531463623,
                                0.074686000000000002,
                                0.038752000000000002,
                                284644,
                                284672,
                                0.016416,
                                0.022849000000000001,
                                1732180410.2266691,
                                107539453544868
                            ],
                            "sub": []
                        }
                    ]
                },
                {
                    "stat": [
                        "doGAToPass2",
                        "exit",
                        0.12318587303161621,
                        0.076782000000000003,
                        0.038752000000000002,
                        284644,
                        284672,
                        0.016416,
                        0.022849000000000001,
                        1732180410.2286079,
                        107539459861747
                    ],