{
    "Modules": {
        "tb_Multiplier": {
            "start_perf": [
                0.12336516380310059,
                0.066646999999999998,
                0.037706000000000003,
                282692,
                284240,
                1732180588.8857341,
                108065598128753
            ],
            "significant_routs": [
                [
                    12,
                    "R_VCSgd_wuTrs_c",
                    1401455,
                    1538,
                    133
                ]
            ],
            "end_perf": [
                0.1280970573425293,
                0.071363999999999997,
                0.037720999999999998,
                284648,
                284652,
                108065612334991,
                68719476737,
                0
            ],
            "nRouts": 31,
            "child_modules": {
                "Multiplier_top_dft": 1
            },
            "Compiled": "Yes",
            "Compiled Times": 10,
            "nQuads": 287,
            "nMops": 559
        },
        "CSA42": {
            "start_perf": [
                0.12257099151611328,
                0.066646999999999998,
                0.036912,
                282692,
                284240,
                1732180588.8849399,
                108065595752660
            ],
            "nRouts": 17,
            "end_perf": [
                0.12332916259765625,
                0.066646999999999998,
                0.037666999999999999,
                282692,
                284240,
                108065598046685,
                55834574849,
                0
            ],
            "Compiled Times": 10,
            "Compiled": "Yes",
            "child_modules": {},
            "nQuads": 128,
            "nMops": 424
        },
        "WallaceTree_0000": {
            "start_perf": [
                0.12126517295837402,
                0.066228999999999996,
                0.036024,
                282692,
                284240,
                1732180588.8836341,
                108065591844222
            ],
            "nRouts": 53,
            "end_perf": [
                0.12253499031066895,
                0.066623000000000002,
                0.036898,
                282692,
                284240,
                108065595669094,
                51539607553,
                0
            ],
            "Compiled Times": 10,
            "Compiled": "Yes",
            "child_modules": {
                "CSA42": 14
            },
            "nQuads": 326,
            "nMops": 860
        },
        "...MASTER...": {
            "start_perf": [
                0.10397505760192871,
                0.057091999999999997,
                0.030928000000000001,
                282664,
                284240,
                1732180588.866344,
                108065540060194
            ],
            "nRouts": 5,
            "end_perf": [
                0.10923004150390625,
                0.058435000000000001,
                0.031780000000000003,
                282676,
                284240,
                108065555829926,
                0,
                0
            ],
            "child_modules": {
                "tb_Multiplier": 1,
                "Multiplier_top": 1,
                "std": 1
            },
            "nQuads": 0,
            "nMops": 0
        },
        "std": {
            "start_perf": [
                0.10931396484375,
                0.058491000000000001,
                0.031810999999999999,
                282676,
                284240,
                1732180588.8716829,
                108065556043783
            ],
            "end_perf": [
                0.11172914505004883,
                0.058717999999999999,
                0.033994000000000003,
                282692,
                284240,
                108065563313136,
                8589934594,
                0
            ],
            "nRouts": 33,
            "child_modules": {},
            "Compiled": "Yes",
            "Compiled Times": 10,
            "svclass": [
                "$vcs_nba_dyn_obj",
                0,
                35,
                2,
                2,
                0,
                "sigprop$$",
                0,
                35,
                2,
                2,
                0,
                "process",
                0,
                200,
                8,
                8,
                0,
                "event",
                0,
                34,
                2,
                2,
                0,
                "mailbox",
                0,
                140,
                9,
                9,
                0,
                "semaphore",
                0,
                84,
                5,
                5,
                0
            ],
            "nQuads": 218,
            "nMops": 528
        },
        "BoothEndecode": {
            "start_perf": [
                0.11177611351013184,
                0.058749999999999997,
                0.034013000000000002,
                282692,
                284240,
                1732180588.874145,
                108065563418868
            ],
            "nRouts": 19,
            "end_perf": [
                0.11300301551818848,
                0.059976000000000002,
                0.034013000000000002,
                282692,
                284240,
                108065567120935,
                12884901889,
                0
            ],
            "Compiled Times": 10,
            "Compiled": "Yes",
            "child_modules": {},
            "nQuads": 142,
            "nMops": 443
        },
        "CaculateE": {
            "start_perf": [
                0.11704111099243164,
                0.062288999999999997,
                0.035739,
                282692,
                284240,
                1732180588.87941,
                108065579191595
            ],
            "nRouts": 12,
            "end_perf": [
                0.11778116226196289,
                0.062756999999999993,
                0.036007999999999998,
                282692,
                284240,
                108065581435899,
                34359738369,
                0
            ],
            "Compiled Times": 10,
            "Compiled": "Yes",
            "child_modules": {},
            "nQuads": 63,
            "nMops": 148
        },
        "PPUnit": {
            "start_perf": [
                0.11782097816467285,
                0.062784999999999994,
                0.036024,
                282692,
                284240,
                1732180588.8801899,
                108065581527253
            ],
            "nRouts": 31,
            "end_perf": [
                0.11939096450805664,
                0.064352000000000006,
                0.036024,
                282692,
                284240,
                108065586259071,
                38654705665,
                0
            ],
            "Compiled Times": 10,
            "Compiled": "Yes",
            "child_modules": {},
            "nQuads": 345,
            "nMops": 1419
        },
        "CLA32_0000": {
            "start_perf": [
                0.11304211616516113,
                0.060017000000000001,
                0.034013000000000002,
                282692,
                284240,
                1732180588.875411,
                108065567213787
            ],
            "nRouts": 18,
            "end_perf": [
                0.11425399780273438,
                0.061226000000000003,
                0.034013000000000002,
                282692,
                284240,
                108065570867633,
                17179869185,
                0
            ],
            "Compiled Times": 6,
            "Compiled": "Yes",
            "child_modules": {},
            "nQuads": 156,
            "nMops": 690
        },