{
    "Modules": {
        "...MASTER...": {
            "start_perf": [
                0.13033103942871094,
                0.058571999999999999,
                0.057787999999999999,
                282692,
                284268,
                1732089967.758898,
                68684324691559
            ],
            "nMops": 0,
            "nQuads": 0,
            "child_modules": {
                "tb_Multiplier": 1,
                "std": 1
            },
            "end_perf": [
                0.13703799247741699,
                0.060263999999999998,
                0.060263999999999998,
                282704,
                284268,
                68684344799540,
                0,
                0
            ],
            "nRouts": 5
        },
        "PPUnit": {
            "start_perf": [
                0.14142799377441406,
                0.062836000000000003,
                0.062081999999999998,
                282720,
                284268,
                1732089967.769995,
                68684357920617
            ],
            "nMops": 1419,
            "nQuads": 345,
            "child_modules": {},
            "nRouts": 31,
            "Compiled": "Yes",
            "end_perf": [
                0.14303398132324219,
                0.064297000000000007,
                0.062223000000000001,
                282720,
                284268,
                68684362754572,
                34359738369,
                0
            ],
            "Compiled Times": 4
        },
        "std": {
            "start_perf": [
                0.13713693618774414,
                0.060298999999999998,
                0.060298999999999998,
                282704,
                284268,
                1732089967.7657039,
                68684345075398
            ],
            "nMops": 528,
            "child_modules": {},
            "nQuads": 218,
            "nRouts": 33,
            "Compiled": "Yes",
            "end_perf": [
                0.13939595222473145,
                0.061959,
                0.060926000000000001,
                282720,
                284268,
                68684351865519,
                8589934594,
                0
            ],
            "Compiled Times": 4,
            "svclass": [
                "$vcs_nba_dyn_obj",
                0,
                35,
                2,
                2,
                0,
                "sigprop$$",
                0,
                35,
                2,
                2,
                0,
                "process",
                0,
                200,
                8,
                8,
                0,
                "event",
                0,
                34,
                2,
                2,
                0,
                "mailbox",
                0,
                140,
                9,
                9,
                0,
                "semaphore",
                0,
                84,
                5,
                5,
                0
            ]
        },
        "BoothEndecode": {
            "start_perf": [
                0.13944292068481445,
                0.061983000000000003,
                0.060949999999999997,
                282720,
                284268,
                1732089967.7680099,
                68684351975443
            ],
            "nMops": 443,
            "nQuads": 142,
            "child_modules": {},
            "nRouts": 19,
            "Compiled": "Yes",
            "end_perf": [
                0.14063811302185059,
                0.062061999999999999,
                0.062061999999999999,
                282720,
                284268,
                68684355572081,
                12884901889,
                0
            ],
            "Compiled Times": 4
        },
        "WallaceTree_0000": {
            "start_perf": [
                0.14307308197021484,
                0.064319000000000001,
                0.062244000000000001,
                282720,
                284268,
                1732089967.7716401,
                68684362847423
            ],
            "nMops": 860,
            "nQuads": 326,
            "child_modules": {
                "CSA42": 14
            },
            "nRouts": 53,
            "Compiled": "Yes",
            "end_perf": [
                0.14837098121643066,
                0.069612999999999994,
                0.062244000000000001,
                284676,
                284680,
                68684378765419,
                47244640257,
                0
            ],
            "Compiled Times": 4
        },
        "CaculateE": {
            "start_perf": [
                0.14067292213439941,
                0.062081999999999998,
                0.062081999999999998,
                282720,
                284268,
                1732089967.7692399,
                68684355655647
            ],
            "nMops": 148,
            "nQuads": 63,
            "child_modules": {},
            "nRouts": 12,
            "Compiled": "Yes",
            "end_perf": [
                0.14139008522033691,
                0.062795000000000004,
                0.062081999999999998,
                282720,
                284268,
                68684357829563,
                30064771073,
                0
            ],
            "Compiled Times": 4
        },
        "CSA42": {
            "start_perf": [
                0.1484229564666748,
                0.069667999999999994,
                0.062244000000000001,
                284676,
                284680,
                1732089967.7769899,
                68684378881932
            ],
            "nMops": 424,
            "nQuads": 128,
            "child_modules": {},
            "nRouts": 17,
            "Compiled": "Yes",
            "end_perf": [
                0.14957594871520996,
                0.070816000000000004,
                0.062244000000000001,
                284676,
                284680,
                68684382373138,
                51539607553,
                0
            ],
            "Compiled Times": 4
        },
        "tb_Multiplier": {
            "start_perf": [
                0.14962601661682129,
                0.070871000000000003,
                0.062244000000000001,
                284676,
                284680,
                1732089967.778193,
                68684382477670
            ],
            "nMops": 4547,
            "nQuads": 1204,
            "child_modules": {
                "PPUnit": 8,
                "BoothEndecode": 8,
                "CaculateE": 8,
                "WallaceTree_0000": 3
            },
            "nRouts": 135,
            "Compiled": "Yes",
            "end_perf": [
                0.1541450023651123,
                0.075351000000000001,
                0.062244000000000001,
                284676,
                284680,
                68684396059709,
                64424509441,
                0
            ],
            "Compiled Times": 4
        }
    },
    "CompUnits": {
        "QnKgm_d": {
            "archive": "archive.3/_110255_archive_1.a",
            "bytes": 23364,
            "mod": "WallaceTree_0000",
            "out": "QnKgm_d.o",
            "text": 7336,
            "mode": 4,
            "checksum": 0
        }
    },
    "reusePaths": {
        "u4s2z_d": {
            "icPath": "csrc"
        },
        "amcQw_d": {
            "icPath": "csrc"
        },
        "reYIK_d": {
            "icPath": "csrc"
        },
        "z2sdW_d": {
            "icPath": "csrc"
        },
        "JesQ5_d": {
            "icPath": "csrc"
        },
        "vjWdY_d": {
            "icPath": "csrc"
        },
        "wuTrs_d": {
            "icPath": "csrc"
        }
    },
    "stat": {
        "ru_self_end": {
            "ru_utime_sec": 0.078495999999999996,
            "ru_majflt": 0,
            "ru_stime_sec": 0.064035999999999996,